{"client":"Thunder Client","collectionName":"Django_mysql","dateExported":"2022-12-21T01:22:21.053Z","version":"1.1","folders":[],"requests":[{"_id":"5a936e09-5d5f-4202-ada9-f19eec864e36","colId":"62a7bc5e-a3bd-4897-9f9a-2fb1b15e1838","containerId":"","name":"GET lista_inventario","url":"http://127.0.0.1:8000/api/inventario/","method":"GET","sortNum":20000,"created":"2022-12-19T18:03:37.596Z","modified":"2022-12-20T05:06:15.693Z","headers":[],"params":[],"body":{"type":"json","raw":"{\n     \"tipoDocumento\" : \"CC\",\n    \"documento\" : 1004325678,\n    \"nombre_apellidos\" : \"Roberto Leon\",\n    \"direccion\" : \"calle 70 #76-90\",\n    \"telefono\" : \"3224561234\",\n    \"email\" : \"LeonRobe@gmail.com\"\n}\n","form":[]},"tests":[]},{"_id":"63dd2bcb-ec53-4bad-9375-0e5438bb801c","colId":"62a7bc5e-a3bd-4897-9f9a-2fb1b15e1838","containerId":"","name":"POST Adicionar_inventario","url":"http://127.0.0.1:8000/api/inventario/","method":"POST","sortNum":30000,"created":"2022-12-19T18:38:00.360Z","modified":"2022-12-20T14:50:53.323Z","headers":[],"params":[],"body":{"type":"json","raw":"{\n  \"tipoDocumento\" : \"CC\",\n    \"documento\" : 98765432,\n    \"nombre_apellidos\" : \"Diego Salazar\",\n    \"direccion\" : \"CR 45 #10-100\",\n    \"telefono\" : \"3203456321\",\n    \"email\" : \"salazar123@gmail.com\"\n}","form":[]},"tests":[]},{"_id":"a45998d6-0a4f-4d03-872e-8ef02f4079cb","colId":"62a7bc5e-a3bd-4897-9f9a-2fb1b15e1838","containerId":"","name":"GET leer_inventario","url":"http://127.0.0.1:8000/api/inventario/1","method":"GET","sortNum":50000,"created":"2022-12-20T01:48:26.666Z","modified":"2022-12-20T15:38:55.930Z","headers":[],"params":[],"tests":[]},{"_id":"5773ec64-478d-46c1-9f10-41241b6cf108","colId":"62a7bc5e-a3bd-4897-9f9a-2fb1b15e1838","containerId":"","name":"PUT actualizar_datos","url":"http://127.0.0.1:8000/api/inventario/4","method":"PUT","sortNum":70000,"created":"2022-12-20T15:39:31.819Z","modified":"2022-12-20T15:43:20.468Z","headers":[],"params":[],"body":{"type":"json","raw":"{\n   \"tipoDocumento\" : \"CC\",\n    \"documento\" : 1111111,\n    \"nombre_apellidos\" : \"Diego Salazar Sarm\",\n    \"direccion\" : \"CR 45 #10-102\",\n    \"telefono\" : \"3203456323\",\n    \"email\" : \"salazar1234@gmail.com\"\n}","form":[]},"tests":[]},{"_id":"3228823c-d8a8-450b-9565-9ce810181f63","colId":"62a7bc5e-a3bd-4897-9f9a-2fb1b15e1838","containerId":"","name":"DELETE Eliminar_Dato","url":"http://127.0.0.1:8000/api/inventario/4","method":"DELETE","sortNum":90000,"created":"2022-12-20T17:17:35.338Z","modified":"2022-12-20T17:18:35.910Z","headers":[],"params":[],"tests":[]}]}
